{
  "Ce2CrN3 (o).cif": {
    "energy_eV": -108.17086791992188,
    "energy_per_atom": -9.014238993326822,
    "converged": true,
    "n_steps": 43,
    "final_fmax": 0.0005032426736630105,
    "reached_max_steps": false,
    "sg_before": 71,
    "sg_after": 44,
    "symmetry_changed": true
  },
  "CeCo3B2 (h).cif": {
    "energy_eV": -43.557037353515625,
    "energy_per_atom": -7.2595062255859375,
    "converged": true,
    "n_steps": 18,
    "final_fmax": 0.0007263554356828061,
    "reached_max_steps": false,
    "sg_before": 191,
    "sg_after": 8,
    "symmetry_changed": true
  },
  "CeCo5P3 (o).cif": {
    "energy_eV": -260.1561584472656,
    "energy_per_atom": -7.226559956868489,
    "converged": true,
    "n_steps": 62,
    "final_fmax": 0.0013966145358720514,
    "reached_max_steps": false,
    "sg_before": 62,
    "sg_after": 1,
    "symmetry_changed": true
  },
  "CeCoC2 (m).cif": {
    "energy_eV": -130.6764678955078,
    "energy_per_atom": -8.167279243469238,
    "converged": true,
    "n_steps": 61,
    "final_fmax": 0.0029150934149996663,
    "reached_max_steps": false,
    "sg_before": 9,
    "sg_after": 1,
    "symmetry_changed": true
  },
  "CeCrS3 (o).cif": {
    "energy_eV": -139.1591796875,
    "energy_per_atom": -6.957958984375,
    "converged": true,
    "n_steps": 43,
    "final_fmax": 0.004770406497040284,
    "reached_max_steps": false,
    "sg_before": 62,
    "sg_after": 1,
    "symmetry_changed": true
  },
  "CeNiP (h).cif": {
    "energy_eV": -82.52424621582031,
    "energy_per_atom": -6.877020517985026,
    "converged": true,
    "n_steps": 36,
    "final_fmax": 0.00023789195422584285,
    "reached_max_steps": false,
    "sg_before": 194,
    "sg_after": 1,
    "symmetry_changed": true
  },
  "CeReB4 (o).cif": {
    "energy_eV": -194.20272827148438,
    "energy_per_atom": -8.091780344645182,
    "converged": true,
    "n_steps": 47,
    "final_fmax": 0.002135588656666375,
    "reached_max_steps": false,
    "sg_before": 55,
    "sg_after": 1,
    "symmetry_changed": true
  },
  "CeZrO4 (c).cif": {
    "energy_eV": -869.935791015625,
    "energy_per_atom": -9.06183115641276,
    "converged": true,
    "n_steps": 8,
    "final_fmax": 0.004915106620833539,
    "reached_max_steps": false,
    "sg_before": 198,
    "sg_after": 1,
    "symmetry_changed": true
  },
  "Dy2FeC4 (o).cif": {
    "energy_eV": -226.52938842773438,
    "energy_per_atom": -8.090335300990514,
    "converged": true,
    "n_steps": 78,
    "final_fmax": 0.00035110644238535156,
    "reached_max_steps": false,
    "sg_before": 72,
    "sg_after": 1,
    "symmetry_changed": true
  },
  "Dy3Fe5O12 (c).cif": {
    "energy_eV": -1175.525146484375,
    "energy_per_atom": -7.347032165527343,
    "converged": true,
    "n_steps": 47,
    "final_fmax": 0.00035007959943017,
    "reached_max_steps": false,
    "sg_before": 230,
    "sg_after": 9,
    "symmetry_changed": true
  },
  "Dy3Sc2S7 (m).cif": {
    "energy_eV": -159.19985961914062,
    "energy_per_atom": -6.633327484130859,
    "converged": true,
    "n_steps": 28,
    "final_fmax": 0.0038951416979999764,
    "reached_max_steps": false,
    "sg_before": 12,
    "sg_after": 1,
    "symmetry_changed": true
  },
  "DyAgSe2 (o).cif": {
    "energy_eV": -77.02510070800781,
    "energy_per_atom": -4.814068794250488,
    "converged": true,
    "n_steps": 32,
    "final_fmax": 0.0037031094398174646,
    "reached_max_steps": false,
    "sg_before": 19,
    "sg_after": 1,
    "symmetry_changed": true
  },
  "DyCo3P2 (o).cif": {
    "energy_eV": -254.26275634765625,
    "energy_per_atom": -7.062854342990452,
    "converged": true,
    "n_steps": 54,
    "final_fmax": 0.004912383179267609,
    "reached_max_steps": false,
    "sg_before": 59,
    "sg_after": 1,
    "symmetry_changed": true
  },
  "DyCoC (tet).cif": {
    "energy_eV": -43.75702667236328,
    "energy_per_atom": -7.292837778727214,
    "converged": true,
    "n_steps": 19,
    "final_fmax": 0.0010918049524205856,
    "reached_max_steps": false,
    "sg_before": 131,
    "sg_after": 1,
    "symmetry_changed": true
  },
  "DyMnO3 (h).cif": {
    "energy_eV": -240.9053955078125,
    "energy_per_atom": -8.030179850260417,
    "converged": true,
    "n_steps": 62,
    "final_fmax": 0.002271430001467474,
    "reached_max_steps": false,
    "sg_before": 185,
    "sg_after": 1,
    "symmetry_changed": true
  },
  "ErAgS2 (tet).cif": {
    "energy_eV": -83.53497314453125,
    "energy_per_atom": -5.220935821533203,
    "converged": true,
    "n_steps": 39,
    "final_fmax": 0.00207380936727983,
    "reached_max_steps": false,
    "sg_before": 109,
    "sg_after": 1,
    "symmetry_changed": true
  },
  "Eu2Zn2P3 (m).cif": {
    "energy_eV": -180.8755340576172,
    "energy_per_atom": -6.459840502057757,
    "converged": true,
    "n_steps": 41,
    "final_fmax": 0.004749313796803466,
    "reached_max_steps": false,
    "sg_before": 12,
    "sg_after": 1,
    "symmetry_changed": true
  },
  "EuCuO2 (tri).cif": {
    "energy_eV": -96.08683776855469,
    "energy_per_atom": -8.00723648071289,
    "converged": true,
    "n_steps": 23,
    "final_fmax": 0.004652739090776353,
    "reached_max_steps": false,
    "sg_before": 166,
    "sg_after": 1,
    "symmetry_changed": true
  },
  "Gd2Mo2O7 (c).cif": {
    "energy_eV": -841.9217529296875,
    "energy_per_atom": -9.567292646928268,
    "converged": true,
    "n_steps": 90,
    "final_fmax": 0.0008426988703714791,
    "reached_max_steps": false,
    "sg_before": 227,
    "sg_after": 1,
    "symmetry_changed": true
  },
  "La2Cu2O5 (m).cif": {
    "energy_eV": -743.5855712890625,
    "energy_per_atom": -6.885051586009838,
    "converged": true,
    "n_steps": 108,
    "final_fmax": 0.00031927179689776055,
    "reached_max_steps": false,
    "sg_before": 15,
    "sg_after": 1,
    "symmetry_changed": true
  },
  "La2NiO4 (tet).cif": {
    "energy_eV": -205.61680603027344,
    "energy_per_atom": -7.343457358224051,
    "converged": true,
    "n_steps": 31,
    "final_fmax": 0.003024808454462141,
    "reached_max_steps": false,
    "sg_before": 138,
    "sg_after": 1,
    "symmetry_changed": true
  },
  "La2Zr2O7 (c).cif": {
    "energy_eV": -798.372802734375,
    "energy_per_atom": -9.072418212890625,
    "converged": true,
    "n_steps": 52,
    "final_fmax": 0.0035478782260346146,
    "reached_max_steps": false,
    "sg_before": 227,
    "sg_after": 9,
    "symmetry_changed": true
  },
  "La3Co2S7 (h).cif": {
    "energy_eV": -149.91448974609375,
    "energy_per_atom": -6.246437072753906,
    "converged": true,
    "n_steps": 65,
    "final_fmax": 0.0007281299565274893,
    "reached_max_steps": false,
    "sg_before": 173,
    "sg_after": 1,
    "symmetry_changed": true
  },
  "La3MnS5 (h).cif": {
    "energy_eV": -121.35932922363281,
    "energy_per_atom": -6.742184956868489,
    "converged": true,
    "n_steps": 29,
    "final_fmax": 0.003485336179872857,
    "reached_max_steps": false,
    "sg_before": 193,
    "sg_after": 1,
    "symmetry_changed": true
  },
  "La3Ni2O7 (o).cif": {
    "energy_eV": -338.7352600097656,
    "energy_per_atom": -7.056984583536784,
    "converged": true,
    "n_steps": 33,
    "final_fmax": 0.004747634229112929,
    "reached_max_steps": false,
    "sg_before": 63,
    "sg_after": 1,
    "symmetry_changed": true
  },
  "La4Co3O10 (m).cif": {
    "energy_eV": -504.3919677734375,
    "energy_per_atom": -7.417528937844669,
    "converged": true,
    "n_steps": 61,
    "final_fmax": 0.0027788908619738057,
    "reached_max_steps": false,
    "sg_before": 14,
    "sg_after": 1,
    "symmetry_changed": true
  },
  "La4Co3O10 (tet).cif": {
    "energy_eV": -251.187744140625,
    "energy_per_atom": -7.387874827665441,
    "converged": true,
    "n_steps": 140,
    "final_fmax": 0.004943054598725079,
    "reached_max_steps": false,
    "sg_before": 139,
    "sg_after": 1,
    "symmetry_changed": true
  },
  "LaFeO3 (c).cif": {
    "energy_eV": -37.543670654296875,